x_meters,y_meters
-9.999658787497253343e+00,3.704715685511477830e+01
-1.048346208865878282e+01,3.692178980356243301e+01
-1.094753017106742732e+01,3.673871841287969175e+01
-1.137090999724317442e+01,3.647358382492969042e+01
-1.176798682571984500e+01,3.617027983059853113e+01
-1.214056610468061592e+01,3.583727857120861415e+01
-1.252126526479922575e+01,3.551360578082594088e+01
-1.290243981316100985e+01,3.519047947520799369e+01
-1.328560707408666985e+01,3.486972774572141986e+01
-1.366910538613727510e+01,3.454936852078664344e+01
-1.405257986007798365e+01,3.422898188978842882e+01
-1.443802753248196780e+01,3.391093878798938022e+01
-1.482471147966751346e+01,3.359465888108968556e+01
-1.522432706344631015e+01,3.329477662134357274e+01
-1.560723576272771140e+01,3.297352129648528773e+01
-1.599313588496535488e+01,3.265603661618088438e+01
-1.638308759159178862e+01,3.234376080541323972e+01
-1.678218135926660182e+01,3.204318710070209875e+01
-1.716708524479278708e+01,3.172435222427814949e+01
-1.755267458503544731e+01,3.140647822132001465e+01
-1.794509359645161339e+01,3.109734611586122810e+01
-1.834484642379375430e+01,3.079761577121796279e+01
-1.872825566431745870e+01,3.047693826345660284e+01
-1.912330715886687926e+01,3.017119933911598650e+01
-1.952143884647298933e+01,2.986933018382464411e+01
-1.991294187761592127e+01,2.955881261740546506e+01
-2.030974144143553417e+01,2.925502198541798293e+01
-2.069927957401215224e+01,2.894209121166241516e+01
-2.108381195032170297e+01,2.862297433136242830e+01
-2.145960612025923808e+01,2.829362301288075798e+01
-2.181365493916317178e+01,2.794104178997925203e+01
-2.213948226127364194e+01,2.756269986189789734e+01
-2.241224457815349069e+01,2.714384370813090186e+01
-2.263578427017448291e+01,2.669739408151262694e+01
-2.281371041076499750e+01,2.622990548941150735e+01
-2.292956080075509817e+01,2.574561525960788799e+01
-2.301135461655428571e+01,2.525272773858395681e+01
-2.302364806593026003e+01,2.475313945223921053e+01
-2.302903303839234184e+01,2.425289298910502112e+01
-2.297609682921236640e+01,2.375825268372796018e+01
-2.287647622553247118e+01,2.326807231274680987e+01
-2.273054691382925796e+01,2.279025260484519322e+01
-2.253503008616792158e+01,2.233072678278527690e+01
-2.232804449970359428e+01,2.187534372675962402e+01
-2.205069581587540029e+01,2.146006012676116370e+01
-2.175610116839193608e+01,2.105672588348245711e+01
-2.141163345437718135e+01,2.069482821204677236e+01
-2.105006070576024513e+01,2.034898496244416322e+01
-2.064356170002848501e+01,2.005831144370817753e+01
-2.020457342992891370e+01,1.982315931917599983e+01
-1.974435581630781655e+01,1.962862151847210157e+01
-1.926172210414978281e+01,1.949683916237732717e+01
-1.876930462303857894e+01,1.941766920468091939e+01
-1.826944815832348468e+01,1.942042505850351120e+01
-1.776985563763177822e+01,1.942180481085473787e+01
-1.727271619842014161e+01,1.947215226783949049e+01
-1.677813196019015152e+01,1.954432890430898340e+01
-1.629267234348805005e+01,1.966154549306757815e+01
-1.581667071322743823e+01,1.981315534480673080e+01
-1.535804934398097998e+01,2.001170509222721705e+01
-1.491139713347961049e+01,2.023560977155108276e+01
-1.447776802947566921e+01,2.048395253547833761e+01
-1.406406751494070306e+01,2.076419688483566972e+01
-1.365197107321787939e+01,2.104691965881552562e+01
-1.325373267855422910e+01,2.134865389891665188e+01
-1.285705095590716951e+01,2.165214978191957584e+01
-1.245597513193918360e+01,2.195040436730079136e+01
-1.205255162020669957e+01,2.224424585283466627e+01
-1.162727443655312243e+01,2.250790742943016198e+01
-1.118631231871172815e+01,2.274203394409629198e+01
-1.070208350760761107e+01,2.287715780475856775e+01
-1.019923323821396366e+01,2.290777544891309958e+01
-9.702760413579710530e+00,2.284573507482876664e+01
-9.217650500436235461e+00,2.272450658082490804e+01
-8.735515505573559381e+00,2.259350169206582848e+01
-8.251211519502106739e+00,2.247027606418565426e+01
-7.767620495614366405e+00,2.234446023615009835e+01
-7.282265231157211360e+00,2.222554191268778823e+01
-6.793170044796227103e+00,2.212315377156048157e+01
-6.306877673627781178e+00,2.200819297162487942e+01
-5.823066718731041647e+00,2.188317939073311891e+01
-5.339038855514615989e+00,2.175907399015098065e+01
-4.853531629597100050e+00,2.164079742386215344e+01
-4.368419031800968355e+00,2.152100016384355285e+01
-3.881341089896594099e+00,2.140933007105688546e+01
-3.395270586544370417e+00,2.129342864397602852e+01
-2.909887765575064122e+00,2.117480518262875933e+01
-2.423539374442341909e+00,2.105945278563835643e+01
-1.934043312853972907e+00,2.096106656554847802e+01
-1.444300021445911852e+00,2.085637894996662567e+01
-9.916744609737406790e-01,2.063983562892929058e+01
-6.228887018191642255e-01,2.026725261960305602e+01
-3.705295194006623660e-01,1.979486969370071847e+01
-2.665733419132578774e-01,1.928312678279860393e+01
-3.321498841043819539e-01,1.878624582676427224e+01
-5.159500741614380104e-01,1.831692247490705938e+01
-7.552875197782213945e-01,1.787565880463260726e+01
-1.060956848493958660e+00,1.748219635054455523e+01
-1.437721404341132825e+00,1.715154037007800980e+01
-1.857114859291442599e+00,1.687958407094821212e+01
-2.290349661480135524e+00,1.662996750210290031e+01
-2.742852533984262209e+00,1.641841020556437059e+01
-3.191471668639437098e+00,1.619903177668460614e+01
-3.643826440841394287e+00,1.598741556104624806e+01
-4.098339830009336993e+00,1.577962427063339135e+01
-4.556004704116602966e+00,1.557863582751905085e+01
-5.001366457600383342e+00,1.535241014347184318e+01
-5.456025928779425271e+00,1.514490586121605986e+01
-5.908434324948359517e+00,1.493279151051467579e+01
-6.356276470587260974e+00,1.471123475109455114e+01
-6.807635611594022862e+00,1.449694255994943148e+01
-7.254886727806479030e+00,1.427403080745432362e+01
-7.699668411525124156e+00,1.404624427794733776e+01
-8.151570152121166757e+00,1.383317419159727990e+01
-8.600118368595133234e+00,1.361374677410333334e+01
-9.047796931270127629e+00,1.339208913878242413e+01
-9.503098320100264118e+00,1.318584381129282690e+01
-9.945359399158121505e+00,1.295332773709435514e+01
-1.039560974559822171e+01,1.273658002020461311e+01
-1.083988710708058534e+01,1.250780951367590887e+01
-1.128892916240202737e+01,1.228861736695327522e+01
-1.174117288306359796e+01,1.207627130110421376e+01
-1.218586799508054241e+01,1.184829478882959108e+01
-1.263934111350931744e+01,1.163818640328614151e+01
-1.308617433540662489e+01,1.141483427583685284e+01
-1.353462459529296780e+01,1.119468689129165284e+01
-1.397965810196571113e+01,1.096771339549421498e+01
-1.443210199433335106e+01,1.075596543341957556e+01
-1.488025481091069935e+01,1.053534585992079542e+01
-1.532739928115711336e+01,1.031227571899744078e+01
-1.578068941668868774e+01,1.010195528725185454e+01
-1.622663460917462430e+01,9.876489853934586449e+00
-1.667335484985240157e+01,9.652591200451709597e+00
-1.712080705646472722e+01,9.430126854974901107e+00
-1.756742463031308432e+01,9.206482702637003968e+00
-1.802178453537122493e+01,8.999146119130173815e+00
-1.846481325128361561e+01,8.767932470211817986e+00
-1.892046707535932626e+01,8.562353786328046112e+00
-1.936646515958202031e+01,8.337438826991188989e+00
-1.981355565422830978e+01,8.114359030434386000e+00
-2.026053050392603438e+01,7.891004713724740327e+00
-2.070601856820812259e+01,7.664553134625919029e+00
-2.116051883712640347e+01,7.456829238999276299e+00
-2.160483938010706595e+01,7.228258049060244161e+00
-2.205561794030235490e+01,7.012637382092151483e+00
-2.249785488938091760e+01,6.780057686212487056e+00
-2.295216575525574854e+01,6.571704158884472236e+00
-2.340159537339576445e+01,6.353654933097587332e+00
-2.384616699242262428e+01,6.125653186743249989e+00
-2.429478069825292152e+01,5.905611845446117059e+00
-2.474003917915275963e+01,5.678803396344804355e+00
-2.518845085380857540e+01,5.458240475699639660e+00
-2.563260528390378568e+01,5.229343600038944828e+00
-2.607295174464323395e+01,4.992972647590605106e+00
-2.652466510352907392e+01,4.779358065058218585e+00
-2.696775865827174812e+01,4.548459134898237721e+00
-2.741735113642428701e+01,4.330380122585651748e+00
-2.786245813165905361e+01,4.103249722765468732e+00
-2.830996952786777854e+01,3.880905230100850645e+00
-2.875683605310127433e+01,3.657312306022490134e+00
-2.920310300020147309e+01,3.432622436197178217e+00
-2.965072337756447496e+01,3.210722633778075874e+00
-3.009730380656795745e+01,2.986856560739056476e+00
-3.054465148231872007e+01,2.764447698735622794e+00
-3.099300062997080829e+01,2.544211972552972156e+00
-3.144546912878345779e+01,2.332010145404950663e+00
-3.189044858060184851e+01,2.104668966970621113e+00
-3.233747393413867144e+01,1.881366345615091973e+00
-3.278519671651912404e+01,1.659449317380577327e+00
-3.322996919789157744e+01,1.431682052046824083e+00
-3.367966986009098918e+01,1.213859212582832470e+00
-3.412337348788359748e+01,9.842791750789388061e-01
-3.458049553251095176e+01,7.825376488249418117e-01
-3.502314109167464551e+01,5.508221046553671840e-01
-3.547738840596620236e+01,3.423096006741559449e-01
-3.592767519934361786e+01,1.256898422220302791e-01
-3.637663749475036212e+01,-9.372890548843315628e-02
-3.682906847061606470e+01,-3.058692739942756589e-01
-3.727741043987189329e+01,-5.263690445532915874e-01
-3.772219139716219871e+01,-7.542718489498980716e-01
-3.817719032289055292e+01,-9.608793766947343329e-01
-3.862091513324232039e+01,-1.190568261163761576e+00
-3.907437670640501892e+01,-1.400541645155243486e+00
-3.952451192809247260e+01,-1.617408811118124845e+00
-3.996527555360672324e+01,-1.852915895919693412e+00
-4.040403356075152175e+01,-2.091903660561129641e+00
-4.084040501495336173e+01,-2.335756905311001219e+00
-4.125957827422074331e+01,-2.607204823217372791e+00
-4.167495400944090989e+01,-2.885089405703652687e+00
-4.207935906206530063e+01,-3.178491811220737873e+00
-4.246341088804155106e+01,-3.498184005630747606e+00
-4.282979255766281312e+01,-3.837870503562641034e+00
-4.317052796763349676e+01,-4.203659586089969480e+00
-4.346774371020943306e+01,-4.605031807087357265e+00
-4.374824477019438973e+01,-5.018641487176580540e+00
-4.400738546507804472e+01,-5.445770725342327978e+00
-4.423282120500226000e+01,-5.891782600261663561e+00
-4.444454823542017152e+01,-6.344300458968632483e+00
-4.461555189594408688e+01,-6.813826155346504265e+00
-4.476737204549187510e+01,-7.289736073928466453e+00
-4.489183152894787554e+01,-7.773871421403185877e+00
-4.497749109875000784e+01,-8.265626552248733105e+00
-4.503499645991247036e+01,-8.762178026985154133e+00
-4.504321385799710953e+01,-9.261785982762489766e+00
-4.504017306959920575e+01,-9.761331403645868932e+00
-4.498988952240482320e+01,-1.025855606381497864e+01
-4.492271966212032908e+01,-1.075373598346438087e+01
-4.482219440043224523e+01,-1.124305422522229492e+01
-4.468723577333650354e+01,-1.172417024328235868e+01
-4.454228807947992408e+01,-1.220225647349093379e+01
-4.436610197761258689e+01,-1.266992889145525680e+01
-4.419315940315519953e+01,-1.313838205000337211e+01
-4.399415635833721439e+01,-1.359691034857009129e+01
-4.379909405773787512e+01,-1.405693012521383878e+01
-4.360095296278808519e+01,-1.451567868824538721e+01
-4.340335816073115893e+01,-1.497465155561360461e+01
-4.320575642506649672e+01,-1.543362260185580936e+01
-4.300820979331911076e+01,-1.589261675644974758e+01
-4.281361682825907877e+01,-1.635287869595376975e+01
-4.262077262189211524e+01,-1.681378632235056614e+01
-4.244009541805603902e+01,-1.727969031919411691e+01
-4.224403574359060798e+01,-1.773933350376324114e+01
-4.205163786059183195e+01,-1.820049993854391346e+01
-4.185633605153660142e+01,-1.866045453563954482e+01
-4.166234751078747678e+01,-1.912096636818542095e+01
-4.147229131069217090e+01,-1.958311451029997130e+01
-4.127858337926127774e+01,-2.004372173856960870e+01
-4.108522819781239122e+01,-2.050450597746128523e+01
-4.090695162504038507e+01,-2.097135153839621324e+01
-4.071214268835615968e+01,-2.143144260085640695e+01
-4.051991793292290112e+01,-2.189266034511361170e+01
-4.034884729197651865e+01,-2.236217672163836312e+01
-4.015107131777813976e+01,-2.282108207215856055e+01
-3.996057938984869651e+01,-2.328302932761681632e+01
-3.977388582844645981e+01,-2.374654114171493546e+01
-3.958367010875857517e+01,-2.420862754232617675e+01
-3.938807501272686551e+01,-2.466847346086810688e+01
-3.920284911499953040e+01,-2.513252043274121661e+01
-3.901544247260480347e+01,-2.559570974659300902e+01
-3.882149606337058856e+01,-2.605625063251176954e+01
-3.864592707886008327e+01,-2.652413294397366172e+01
-3.844395416899910600e+01,-2.698102791520592092e+01
-3.822488479323852317e+01,-2.743010953585623923e+01
-3.800273108451959558e+01,-2.787714105057678893e+01
-3.773213366089301246e+01,-2.829759128082928044e+01
-3.745384524273796245e+01,-2.871266738546137276e+01
-3.711899296800689996e+01,-2.908332138127401834e+01
-3.676573161542876989e+01,-2.943670338339252623e+01
-3.640649266311420007e+01,-2.978377310886457252e+01
-3.602432626430460516e+01,-3.010590565556469755e+01
-3.562376849009429947e+01,-3.040444981162570315e+01
-3.521637681832215350e+01,-3.069384925055742031e+01
-3.480362494738892565e+01,-3.097552645012093819e+01
-3.437228235396320031e+01,-3.122762607569062254e+01
-3.395125738635979218e+01,-3.149668004116757913e+01
-3.352298611906585535e+01,-3.175399737305060199e+01
-3.311452326861859774e+01,-3.204232694013012406e+01
-3.272940454502612084e+01,-3.236094292666776084e+01
-3.238719260686483636e+01,-3.272521016335849708e+01
-3.209628644618692306e+01,-3.313318415307794140e+01
-3.186985675445037458e+01,-3.357861868757800039e+01
-3.173637055445937705e+01,-3.406004134010037632e+01
-3.168307675893365172e+01,-3.456010966564129205e+01
-3.169716898737515010e+01,-3.506030832619359217e+01
-3.178933026987327537e+01,-3.555074033965123448e+01
-3.193034484861070865e+01,-3.603066865090134741e+01
-3.210726579329099195e+01,-3.649773352444793062e+01
-3.232373425268543343e+01,-3.694833796955529692e+01
-3.257339527313695271e+01,-3.738113428114563419e+01
-3.284967498802687658e+01,-3.779756431759833646e+01
-3.312900631153681275e+01,-3.821186157318980747e+01
-3.339847800348083240e+01,-3.863270858592228052e+01
-3.367197262808934255e+01,-3.905089626106513379e+01
-3.395105958131272672e+01,-3.946538246838021280e+01
-3.422502318896590623e+01,-3.988326202022646783e+01
-3.450858418466596333e+01,-4.029482491630992769e+01
-3.477814150111934310e+01,-4.071542697991472437e+01
-3.504847466811774126e+01,-4.113549313198420521e+01
-3.532626835199793902e+01,-4.155088217352147950e+01
-3.560124010631756875e+01,-4.196813102931675843e+01
-3.586982257321706413e+01,-4.238950274195410373e+01
-3.614847834560215034e+01,-4.280421414269056868e+01
-3.643686731538547008e+01,-4.321234986455840499e+01
-3.671946079982690492e+01,-4.362452869392554078e+01
-3.702412726964789158e+01,-4.402054915913997490e+01
-3.731669581373294875e+01,-4.442571568411717919e+01
-3.763039616386915043e+01,-4.481451789270147401e+01
-3.794765946100223175e+01,-4.520058798387852050e+01
-3.826736779808187094e+01,-4.558462160052870615e+01
-3.859260703702600637e+01,-4.596399050665613117e+01
-3.893383271614113283e+01,-4.632906225112824927e+01
-3.928492637722033010e+01,-4.668469743516958914e+01
-3.964476165632503069e+01,-4.703146695829828161e+01
-4.001813880233522980e+01,-4.736350621380209702e+01
-4.039770937181022958e+01,-4.768854546299361630e+01
-4.078110298487951724e+01,-4.800894900250938235e+01
-4.116648560168356141e+01,-4.832715326695101510e+01
-4.156111583652693753e+01,-4.863346191473308266e+01
-4.197337881941788851e+01,-4.891599900475591767e+01
-4.239347097914505724e+01,-4.918667418103344602e+01
-4.282570728096769130e+01,-4.943702931305827519e+01
-4.326805749936078627e+01,-4.966979922909334277e+01
-4.371377969840053623e+01,-4.989529371781785017e+01
-4.416564951586771315e+01,-5.010868009462210182e+01
-4.461684736521370809e+01,-5.032324414448493144e+01
-4.507658231098419321e+01,-5.051931493415807495e+01
-4.553415040697257865e+01,-5.072002973248224578e+01
-4.599206450798288870e+01,-5.092002217417179111e+01
-4.645339986470344940e+01,-5.111209227688682688e+01
-4.691208803639541713e+01,-5.131031026891144364e+01
-4.736667112454177442e+01,-5.151780826612433373e+01
-4.782411833883659114e+01,-5.171891115050643606e+01
-4.828170103899950760e+01,-5.191970657034461567e+01
-4.873703842007247999e+01,-5.212551644107166027e+01
-4.919092869296722625e+01,-5.233445323935922744e+01
-4.965026985131203219e+01,-5.253126970319910072e+01
-5.010990504162140979e+01,-5.272730271866673490e+01
-5.056957989968350375e+01,-5.292326776604163285e+01
-5.102923676514627971e+01,-5.311926713771585185e+01
-5.148892695170705736e+01,-5.331519532296508146e+01
-5.194850904475408981e+01,-5.351135791270723985e+01
-5.240842015085692651e+01,-5.370680628715993521e+01
-5.286585975657762759e+01,-5.390777790190762886e+01
-5.332585675772610756e+01,-5.410370985037653213e+01
-5.376817744684208122e+01,-5.433572098171022446e+01
-5.422286667101067081e+01,-5.454320659194868881e+01
-5.468091876460476897e+01,-5.474284422943642170e+01
-5.513944054703842568e+01,-5.494149940314366631e+01
-5.560177833092089372e+01,-5.513111753561442185e+01
-5.607092501872193679e+01,-5.530317985734287589e+01
-5.655413133019925453e+01,-5.543133068324478074e+01
-5.704779386037492372e+01,-5.550764539674464970e+01
-5.754987392859337092e+01,-5.553556797356547747e+01
-5.804770126155268173e+01,-5.548834882907262056e+01
-5.852458589281069123e+01,-5.533685822969934520e+01
-5.896253074484506840e+01,-5.509135815349554122e+01
-5.934750939710900042e+01,-5.477207231888104388e+01
-5.967433494210073519e+01,-5.439247893427890546e+01
-5.993225905278382015e+01,-5.396410872563960481e+01
-6.011753721224243918e+01,-5.349973509627720603e+01
-6.024720112088614599e+01,-5.301554041867199629e+01
-6.030163099569672625e+01,-5.251964967283693397e+01
-6.026209638344639075e+01,-5.201997840600891720e+01
-6.015307587311306747e+01,-5.153175107332725702e+01
-5.999754398979219161e+01,-5.105626772289299709e+01
-5.979026957140006004e+01,-5.060188962130966672e+01
-5.953266858337017453e+01,-5.017343764551205254e+01
-5.926244966985370155e+01,-4.975299318773767254e+01
-5.898177013020450232e+01,-4.933961514805864113e+01
-5.869890783012458968e+01,-4.892764144465859033e+01
-5.841729580584926396e+01,-4.851516233451357607e+01
-5.816230653336798895e+01,-4.808533637763041213e+01
-5.788812312849658781e+01,-4.766752246991494246e+01
-5.762349903164523823e+01,-4.724364704149464700e+01
-5.735617798570802250e+01,-4.682149620181827743e+01
-5.707641600270483906e+01,-4.640739037176429349e+01
-5.680009500321725824e+01,-4.599109857729928308e+01
-5.653159649258559938e+01,-4.556961702736768416e+01
-5.625422122942794800e+01,-4.515402106108994928e+01
-5.597246943394495844e+01,-4.474126322002759792e+01
-5.570984842677891180e+01,-4.431617530738248689e+01
-5.543751510158940476e+01,-4.389725044356457317e+01
-5.516230567535413343e+01,-4.348012696067670646e+01
-5.490210797672366994e+01,-4.305352580792018102e+01
-5.462968078750052570e+01,-4.263461938576988075e+01
-5.436324445029011088e+01,-4.221185501490886338e+01
-5.409395991601581244e+01,-4.179098462267295844e+01
-5.381406136531995088e+01,-4.137702621962010596e+01
-5.354618929868822619e+01,-4.095515986204237890e+01
-5.327647303012219737e+01,-4.053453331204656251e+01
-5.299581992983053880e+01,-4.012104595058109879e+01
-5.272215991380966926e+01,-3.970303961461083730e+01
-5.245765601629253183e+01,-3.927899713092115519e+01
-5.218136138974962535e+01,-3.886272799971518310e+01
-5.190201426843558608e+01,-3.844825488953019033e+01
-5.164715854246714599e+01,-3.801857122460582161e+01
-5.139861829080572164e+01,-3.758504792775779180e+01
-5.115377586989848879e+01,-3.714944654210111707e+01
-5.091796095559004698e+01,-3.670886971857212444e+01
-5.069168655750475949e+01,-3.626335797106050762e+01
-5.049249634643052076e+01,-3.580515493086490153e+01
-5.029730144503188427e+01,-3.534499280830111445e+01
-5.014893638108985385e+01,-3.486796594361327095e+01
-5.000899617700290634e+01,-3.438837081660081196e+01
-4.988530816658905565e+01,-3.390402505338489192e+01
-4.978907693833362913e+01,-3.341421428728781251e+01
-4.972324964603039632e+01,-3.291871431118125457e+01
-4.967382061973415830e+01,-3.242159730601925816e+01
-4.967584679035517325e+01,-3.192184965792627338e+01
-4.967396924613387199e+01,-3.142209080739519322e+01
-4.968011637117808021e+01,-3.092274308674344496e+01
-4.973970721633997982e+01,-3.042621147309323248e+01
-4.984094882859610465e+01,-2.993752116887679193e+01
-4.994399834954766249e+01,-2.944866420397656270e+01
-5.009868957254399646e+01,-2.897312476488046684e+01
-5.025685984420641716e+01,-2.849942416821841107e+01
-5.047997483007559794e+01,-2.805224685802124895e+01
-5.070283626063879723e+01,-2.760464782568863740e+01
-5.097600533673634260e+01,-2.718694847880136223e+01
-5.127058947780570008e+01,-2.678350047299056769e+01
-5.159573490050698297e+01,-2.640400069250743798e+01
-5.194264454276889609e+01,-2.604438299327184581e+01
-5.231404773041388978e+01,-2.571020018472869140e+01
-5.271901886897614986e+01,-2.541736858127595156e+01
-5.314211457570350206e+01,-2.515185292710536658e+01
-5.357925077076540532e+01,-2.490950362311415489e+01
-5.403717821928496079e+01,-2.471008814463860404e+01
-5.451533994977560837e+01,-2.456507643857221268e+01
-5.500013727284265030e+01,-2.444390785618477224e+01
-5.549404388626733464e+01,-2.437278646705152596e+01
-5.599408181199339651e+01,-2.437520113623882878e+01
-5.649330839652393621e+01,-2.438389386096707057e+01
-5.698189163369079324e+01,-2.448720548712395129e+01
-5.746733117570634874e+01,-2.460624065723291665e+01
-5.792591735947593179e+01,-2.480199289498685289e+01
-5.834990904866546657e+01,-2.506698101100578668e+01
-5.874727314463073924e+01,-2.536937738061408965e+01
-5.911009031243604994e+01,-2.571330363380988615e+01
-5.944531542376680022e+01,-2.608358093944784173e+01
-5.973969979358302140e+01,-2.648735122410212028e+01
-6.002246125157846279e+01,-2.689942649148019882e+01
-6.029927205607404517e+01,-2.731534154377984436e+01
-6.055818552446569925e+01,-2.774262587158318638e+01
-6.083503318213496414e+01,-2.815875354210547954e+01
-6.110272400414393701e+01,-2.858069323035559961e+01
-6.137478332844673901e+01,-2.899982611674715827e+01
-6.163838614447477937e+01,-2.942421801410927173e+01
-6.190143307484511581e+01,-2.984906893758576985e+01
-6.218262511524848435e+01,-3.026223083138975767e+01
-6.244738520861487530e+01,-3.068591386551536004e+01
-6.271691692693995890e+01,-3.110664995866358140e+01
-6.299288886261329878e+01,-3.152329134834571533e+01
-6.325367487112365694e+01,-3.194952058297547381e+01
-6.352537161465608762e+01,-3.236888417308206556e+01
-6.379653880199705185e+01,-3.278861121611039664e+01
-6.405989698063669380e+01,-3.321323964103599735e+01
-6.434097388944084628e+01,-3.362643125025692115e+01
-6.461033852472695571e+01,-3.404733210824679190e+01
-6.487905066424383449e+01,-3.446860045484205415e+01
-6.515762953303359950e+01,-3.488358769869375919e+01
-6.542196262137832719e+01,-3.530749403197880554e+01
-6.568730557587025487e+01,-3.573076096210672858e+01
-6.595955714536302139e+01,-3.614981582792692905e+01
-6.622404424297505443e+01,-3.657383753321617093e+01
-6.650171939162937917e+01,-3.698922002566437328e+01
-6.677611968495685346e+01,-3.740684148146640098e+01
-6.703699143947162042e+01,-3.783304683339216012e+01
-6.730117527312715708e+01,-3.825720401239821911e+01
-6.756540764920627851e+01,-3.868134318620199252e+01
-6.784324421955184903e+01,-3.909654437065223931e+01
-6.809988241040066725e+01,-3.952541860752140934e+01
-6.837350834523016374e+01,-3.994356130414674766e+01
-6.864214662144732415e+01,-4.036488480331659190e+01
-6.890788533984522246e+01,-4.078797426396694448e+01
-6.919126455341736914e+01,-4.119964364943341906e+01
-6.946642044906589319e+01,-4.161669278645976533e+01
-6.973098715294077010e+01,-4.204068439284896641e+01
-7.000523609346950593e+01,-4.245830309612440345e+01
-7.028602204786643881e+01,-4.287171147246694147e+01
-7.055233414026339744e+01,-4.329448368229545707e+01
-7.080924273615178777e+01,-4.372310905832839723e+01
-7.106976120801871843e+01,-4.414952277272405468e+01
-7.131835473115523882e+01,-4.458303652958603891e+01
-7.155852529621621727e+01,-4.502116843092170484e+01
-7.177836941845615115e+01,-4.546994474449331847e+01
-7.200550317686258950e+01,-4.591508984235952084e+01
-7.222014325528215295e+01,-4.636608626182577808e+01
-7.241509948649937201e+01,-4.682632789899862047e+01
-7.260930558584090022e+01,-4.728672213294331073e+01
-7.279461198148845824e+01,-4.775080165937933430e+01
-7.296888768639416867e+01,-4.821907855905637774e+01
-7.311729927292243758e+01,-4.869627595965052080e+01
-7.325568749747316133e+01,-4.917637819748654238e+01
-7.339377845846667014e+01,-4.965673585008252644e+01
-7.351385695713058510e+01,-5.014153490307000993e+01
-7.363096899445204713e+01,-5.062751878225589053e+01
-7.371255781182988187e+01,-5.112031553644157356e+01
-7.382001920009753348e+01,-5.160839689617444037e+01
-7.388932414823983663e+01,-5.210315421486659204e+01
-7.395172549329716105e+01,-5.259894217735913458e+01
-7.400929477721720673e+01,-5.309541456681159843e+01
-7.403674385495909860e+01,-5.359419493151095537e+01
-7.404727912331173911e+01,-5.409407738383220021e+01
-7.408347631573030867e+01,-5.459220187261050228e+01
-7.411069381511268261e+01,-5.509146817577625654e+01
-7.406164004481459529e+01,-5.558848895410019963e+01
-7.404869178600620216e+01,-5.608841677976199946e+01
-7.399312581692238666e+01,-5.658477875720751626e+01
-7.393022694053391319e+01,-5.708047886072053956e+01
-7.384595701892637010e+01,-5.757299452212388502e+01
-7.373084632457197074e+01,-5.805928329237841723e+01
-7.360383494690712780e+01,-5.854254144332370657e+01
-7.347149999261510800e+01,-5.902455947645594847e+01
-7.330240892620453508e+01,-5.949465412054852465e+01
-7.313401549606066965e+01,-5.996513467296749411e+01
-7.293433825143245031e+01,-6.042307568585324873e+01
-7.270546090017577967e+01,-6.086713961301907005e+01
-7.248050202977864842e+01,-6.131355508478699790e+01
-7.221545585407240253e+01,-6.173701620090051279e+01
-7.195300286932693723e+01,-6.216224508094190782e+01
-7.166521871837878166e+01,-6.257048489767768018e+01
-7.134827295756925025e+01,-6.295688898305025560e+01
-7.102820361198159560e+01,-6.334083406413747497e+01
-7.068724002473280166e+01,-6.370591464313798724e+01
-7.033308726631071295e+01,-6.405846729577115184e+01
-6.997045169534874276e+01,-6.440208742461796021e+01
-6.959533568334123288e+01,-6.473288986962246838e+01
-6.919125935555663887e+01,-6.502661367353753974e+01
-6.878749513777248126e+01,-6.532011966681687909e+01
-6.836054590333924352e+01,-6.558044896150649095e+01
-6.791522266047549294e+01,-6.580588695284460243e+01
-6.745367347240028266e+01,-6.599790556081559600e+01
-6.698621792332957625e+01,-6.617360055355710813e+01
-6.650476453059141591e+01,-6.630829407115376739e+01
-6.602204928995102762e+01,-6.643691923199995131e+01
-6.553735110164519995e+01,-6.655912438374477347e+01
-6.504394289272570973e+01,-6.663678859589400361e+01
-6.454764225785412179e+01,-6.669490393047146881e+01
-6.405059095152292059e+01,-6.673509413176034855e+01
-6.355007961044958620e+01,-6.673118568929920968e+01
-6.305167208100323961e+01,-6.670855003233924663e+01
-6.255581456908744542e+01,-6.664617937113605706e+01
-6.206116664929807314e+01,-6.657550374590752540e+01
-6.157567126644881483e+01,-6.645705761539349510e+01
-6.109298123109893197e+01,-6.632902244041542872e+01
-6.061359415030433695e+01,-6.618672523548642062e+01
-6.014423044454007794e+01,-6.601677961913534887e+01
-5.968009288850920058e+01,-6.583144127968009229e+01
-5.922637316263256935e+01,-6.562225340627007597e+01
-5.879490131389957952e+01,-6.537093395674536112e+01
-5.837436114662358477e+01,-6.510034123627109182e+01
-5.797772883081624684e+01,-6.479697263885479686e+01
-5.757356840073690307e+01,-6.450313535325751957e+01
-5.717726889489318154e+01,-6.419876708099482698e+01
-5.677050871420038902e+01,-6.390864268085440614e+01
-5.636154541075001845e+01,-6.362145842971367671e+01
-5.594941037413588703e+01,-6.333890370677390536e+01
-5.553960885884110610e+01,-6.305295790652827748e+01
-5.513071194972760480e+01,-6.276571769137534318e+01
-5.472296240244469345e+01,-6.247679936437076975e+01
-5.431840716810280867e+01,-6.218376599933451843e+01
-5.392306001982679931e+01,-6.187849238942234820e+01
-5.351238715987026495e+01,-6.159352499962382410e+01
-5.311095450143241692e+01,-6.129595025317900081e+01
-5.270803560882156091e+01,-6.100047296712183709e+01
-5.229837861238544860e+01,-6.071418268571622434e+01
-5.188016991204813877e+01,-6.044101396764665424e+01
-5.144325232975300821e+01,-6.019775449864802397e+01
-5.098564722625646795e+01,-5.999688064248158526e+01
-5.050402036924166538e+01,-5.986554167316326414e+01
-5.000983293840730681e+01,-5.978156732985446808e+01
-4.951219844463475539e+01,-5.974887911075332170e+01
-4.901291460792451460e+01,-5.978122290416145290e+01
-4.851670143538608926e+01,-5.984005544724445258e+01
-4.802799212965226872e+01,-5.994384536038472788e+01
-4.754352899462254811e+01,-6.006775166562050572e+01
-4.707224123506666302e+01,-6.023265265051431783e+01
-4.661162289592641628e+01,-6.042724726732069485e+01
-4.616588913079880996e+01,-6.065254199805579560e+01
-4.573966698604885295e+01,-6.091388432814048315e+01
-4.533161333221886480e+01,-6.120214499632804461e+01
-4.493212580526645894e+01,-6.150230308159986947e+01
-4.452418612265088882e+01,-6.179116769116073016e+01
-4.409875374149378047e+01,-6.205262708760306367e+01
-4.364894439703108020e+01,-6.227050193446574156e+01
-4.316810427861746291e+01,-6.240613813481638061e+01
-4.267394095004004839e+01,-6.247748082997116370e+01
-4.217649134120076582e+01,-6.252127312756469735e+01
-4.167602667258523752e+01,-6.251933987799715453e+01
-4.118526054387826463e+01,-6.244302415558753694e+01
-4.072283108569719445e+01,-6.225283866809189703e+01
-4.030037461038360647e+01,-6.198794513051207389e+01
-3.991269414776585478e+01,-6.167259065914818450e+01
-3.955756850056737761e+01,-6.132175518329533759e+01
-3.923655021607061855e+01,-6.093854821824792367e+01
-3.893150567121891470e+01,-6.054282334196208382e+01
-3.863664174259069739e+01,-6.013940177688688493e+01
-3.836392984765998904e+01,-5.972066668154592151e+01
-3.809493368226883092e+01,-5.929960227054478850e+01
-3.781265568242012165e+01,-5.888721806737100906e+01
-3.753531348850377469e+01,-5.847159093080183112e+01
-3.726709040744665202e+01,-5.804992860475509531e+01
-3.701207493156183403e+01,-5.762027178392837357e+01
-3.676069643567509360e+01,-5.718841490995853860e+01
-3.649912629914381057e+01,-5.676262727198228220e+01
-3.624419438026564677e+01,-5.633285556272362982e+01
-3.598822129002842729e+01,-5.590370511893672756e+01
-3.572565092553074351e+01,-5.547851104999257643e+01
-3.544620910294663219e+01,-5.506428389920112210e+01
-3.517233548806665766e+01,-5.464630744839899990e+01
-3.491110487433927290e+01,-5.422032634315304733e+01
-3.463935022172139355e+01,-5.380099488732494706e+01
-3.437690761892232416e+01,-5.337574523862857490e+01
-3.410146379702199226e+01,-5.295880611123647697e+01
-3.382577368911332627e+01,-5.254218262947193097e+01
-3.356330790338525816e+01,-5.211689444109037339e+01
-3.328563728950205558e+01,-5.170146098383277433e+01
-3.300724838460686783e+01,-5.128643823389836598e+01
-3.274561931920049318e+01,-5.086069611734361473e+01
-3.247288411720614221e+01,-5.044200649045016860e+01
-3.221061713959951334e+01,-5.001683655631026681e+01
-3.194140032200087376e+01,-4.959596389852728038e+01
-3.166616204068362350e+01,-4.917883964848682155e+01
-3.139888021263823958e+01,-4.875663618754518325e+01
-3.112534176152706777e+01,-4.833844164608628802e+01
-3.085042363099552176e+01,-4.792113836640491797e+01
-3.059346575605515994e+01,-4.749265006881876161e+01
-3.031787596587172828e+01,-4.707573337693189330e+01
-3.005160360139006315e+01,-4.665286777450232591e+01
-2.978238878125785050e+01,-4.623196656125948323e+01
-2.950158416304745401e+01,-4.581856061522924506e+01
-2.923708311467924403e+01,-4.539462303024684076e+01
-2.896838811014302451e+01,-4.497340138997651593e+01
-2.870138818093283817e+01,-4.455118789354040132e+01
-2.843764389202303988e+01,-4.412686881238037273e+01
-2.815516227570581975e+01,-4.371449970068710655e+01
-2.788985803202314173e+01,-4.329117146547116590e+01
-2.762110715569754404e+01,-4.286994712098891824e+01
-2.734383382736247370e+01,-4.245410453021442976e+01
-2.708680874605626343e+01,-4.202565189645913790e+01
-2.681246680228628065e+01,-4.160796872014826420e+01
-2.654397858172042390e+01,-4.118652214429609870e+01
-2.627768484360464640e+01,-4.076371638172784628e+01
-2.599658561050478056e+01,-4.035053625695830704e+01
-2.572835252252411919e+01,-3.992895376136082319e+01
-2.546400371626251058e+01,-3.950501584001213473e+01
-2.519253252540271149e+01,-3.908558233249920733e+01
-2.493272402248285857e+01,-3.865882063397671686e+01
-2.465074091398497558e+01,-3.824608985042276998e+01
-2.438160163235021116e+01,-3.782525037145239821e+01
-2.411584746243995880e+01,-3.740209200018392011e+01
-2.383777119256004084e+01,-3.698675502491497014e+01
-2.357910697702178027e+01,-3.655932969611027517e+01
-2.330712066392014492e+01,-3.614019110547766900e+01
-2.304150414905892319e+01,-3.571695143865500199e+01
-2.277270082009975738e+01,-3.529570156776881618e+01
-2.249126104356371059e+01,-3.488276427184857198e+01
-2.221985890425891341e+01,-3.446318217846114607e+01
-2.195918512802766998e+01,-3.403695310421094433e+01
-2.168866964707312661e+01,-3.361686654951335385e+01
-2.143077011408948351e+01,-3.318900569910942977e+01
-2.114861986968946894e+01,-3.277645895941100207e+01
-2.087827621912647658e+01,-3.235620863095461175e+01
-2.060985155363228216e+01,-3.193473513379367290e+01
-2.033295215179751381e+01,-3.151864133571962867e+01
-2.007035961938932189e+01,-3.109367109038537791e+01
-1.980300866410469496e+01,-3.067164361921648918e+01
-1.952931834859558080e+01,-3.025350875317991495e+01
-1.926597722093238474e+01,-2.982878314359101779e+01
-1.898812194659281261e+01,-2.941353782419643181e+01
-1.871271089974062818e+01,-2.899655963148504867e+01
-1.845151314785987040e+01,-2.857054948484359613e+01
-1.817978742571889939e+01,-2.815120254973982838e+01
-1.791723033157401801e+01,-2.772603007419283472e+01
-1.764342432874430244e+01,-2.730802604721007043e+01
-1.736594125803816269e+01,-2.689255644108605026e+01
-1.710399697666393592e+01,-2.646695128713312783e+01
-1.682753087605867393e+01,-2.605071490695189595e+01
-1.654823320029477429e+01,-2.563630721370739707e+01
-1.628522621457889841e+01,-2.521141993004876269e+01
-1.601451510578915816e+01,-2.479145537730551752e+01
-1.574957239005307486e+01,-2.436796143758568434e+01
-1.548386017559965921e+01,-2.394487176448170374e+01
-1.520190180674241276e+01,-2.353216911465440120e+01
-1.493799218986023902e+01,-2.310794200404145471e+01
-1.466765091301397206e+01,-2.268770463697569539e+01
-1.438651774881955703e+01,-2.227458144618203306e+01
-1.411659291642375536e+01,-2.185403345800152408e+01
-1.385319532132693610e+01,-2.142941903113861457e+01
-1.357790724027660190e+01,-2.101235732319743477e+01
-1.331772200970995357e+01,-2.058574750304507717e+01
-1.304260392720603079e+01,-2.016857376262741752e+01
-1.277004020046103960e+01,-1.974987610904793911e+01
-1.250672632110956783e+01,-1.932519312980540604e+01
-1.222583937626247064e+01,-1.891185582861118064e+01
-1.195161581253337602e+01,-1.849419082762409516e+01
-1.168639528071180678e+01,-1.807061945853021001e+01
-1.141365920806845224e+01,-1.765190271727626481e+01
-1.114812814435332200e+01,-1.722867795053799966e+01
-1.088160540885037619e+01,-1.680604489600819562e+01
-1.060499386468138994e+01,-1.638985658644845955e+01
-1.033736404248460872e+01,-1.596788022820291530e+01
-1.006632648288299947e+01,-1.554806575049025241e+01
-9.785902181054410676e+00,-1.513447234498813287e+01
-9.520852115267047111e+00,-1.471085130905541405e+01
-9.250979329690636632e+00,-1.429029260448481153e+01
-8.978137966138760362e+00,-1.387166751390756048e+01
-8.716353345568975897e+00,-1.344611077908272279e+01
-8.434528354303893138e+00,-1.303336954942575687e+01
-8.169383390452409799e+00,-1.260984922342857573e+01
-7.904897325201204694e+00,-1.218592685119256913e+01
-7.624415806248379113e+00,-1.177227384965624424e+01
-7.353697809097241134e+00,-1.135242176395838953e+01
-7.088654460559851600e+00,-1.092874213860930865e+01
-6.808985012142002802e+00,-1.051465641019228769e+01
-6.532917814400477141e+00,-1.009807424413000376e+01
-6.273870997575116348e+00,-9.670772891325867704e+00
-5.998878374347540898e+00,-9.253526264404058566e+00
-5.736386179744727087e+00,-8.828380541406332327e+00
-5.465396242478561817e+00,-8.408570491508740474e+00
-5.186047999037356249e+00,-7.994296888461803974e+00
-4.925012703397371183e+00,-7.568158989452598462e+00
-4.649391405541337008e+00,-7.151347289997445955e+00
-4.370318083606136383e+00,-6.736857888165147301e+00
-4.103694477174570920e+00,-6.314189390823969461e+00
-3.835947341814929246e+00,-5.892309986924047394e+00
-3.565858008377588817e+00,-5.471961904028731283e+00
-3.303423011225206096e+00,-5.046745774296852005e+00
-3.024783564348226150e+00,-4.631890283376478124e+00
-2.753858063024551939e+00,-4.212079081922439627e+00
-2.487568900839235653e+00,-3.789188705633250720e+00
-2.208158860640622834e+00,-3.374924982756809300e+00
-1.937457656828868835e+00,-2.954941658431266660e+00
-1.671760851258142111e+00,-2.531712992511003790e+00
-1.400186382086815229e+00,-2.112264776997989202e+00
-1.118260939321700675e+00,-1.699604489885359726e+00
-8.605721645223383121e-01,-1.271579588253615611e+00
-5.861358234773632603e-01,-8.539408117902951290e-01
-3.236925551485256847e-01,-4.286757241532228591e-01
-4.825907183837330194e-02,-1.173081609718451546e-02
2.287058408632276496e-01,4.041006602039232121e-01
4.926043522373646510e-01,8.285266405893167985e-01
7.675263098513056548e-01,1.245717022422667242e+00
1.047342782187570265e+00,1.659800343422460855e+00
1.311538691770834930e+00,2.083910094866283202e+00
1.576994172423482610e+00,2.507216342891837257e+00
1.860062301079523195e+00,2.919228907526800754e+00
2.120467813615917407e+00,3.345480070688964247e+00
2.392540215633914613e+00,3.764577710598246085e+00
2.666549653957162036e+00,4.182497892607401013e+00
2.927996728418008843e+00,4.608351898127097002e+00
3.208529319770477173e+00,5.021870881280094068e+00
3.485601918065341920e+00,5.437658201599063545e+00
3.746989584261783079e+00,5.863558072062488691e+00
4.024374747591124901e+00,6.279223575742889807e+00
4.302660549875852780e+00,6.694211651709608191e+00
4.567914219392903874e+00,7.117769395525272103e+00
4.839730468622803983e+00,7.536952331214109790e+00
5.120386008358877916e+00,7.950482958990505722e+00
5.385340098114340890e+00,8.374118077233944746e+00
5.649821646218697424e+00,8.798036802305233550e+00
5.932634025295740798e+00,9.210227174603375033e+00
6.194474754389659665e+00,9.635563873307717131e+00
6.465143424640217518e+00,1.005554067543540953e+01
6.739411260506855683e+00,1.047327955261864929e+01
7.001202978322709214e+00,1.089893469700623996e+01
7.280796712106010204e+00,1.131305908109705172e+01
7.560467608717715393e+00,1.172713255131267829e+01
7.822479796309494304e+00,1.215265809560467858e+01
8.096720465745860906e+00,1.257037117011876148e+01
8.376356509821363261e+00,1.298449235942905489e+01
8.644077362858027413e+00,1.340645125077892885e+01
8.908433138115995575e+00,1.383048118453247355e+01
9.187254797136660045e+00,1.424525951152038772e+01
9.457327705692151198e+00,1.466537178687330822e+01
9.722996498449489877e+00,1.508845961670168379e+01
9.993906511971118789e+00,1.550835749307330502e+01
1.025901127798225332e+01,1.593198667120817902e+01
1.053771401444822686e+01,1.634670809439383277e+01
1.081053513598456561e+01,1.676534627673810007e+01
1.107272342390839981e+01,1.719074839328943938e+01
1.134893706586399276e+01,1.760725970123063178e+01
1.160108227463379649e+01,1.803856052552593781e+01
1.184848872534294628e+01,1.847271672325963721e+01
1.207618796776175429e+01,1.891742803298949127e+01
1.227598038199030839e+01,1.937549247954767395e+01
1.243572718749534545e+01,1.984890498921316748e+01
1.257257893981542907e+01,2.032933955509714963e+01
1.268570570678348020e+01,2.081632693293573766e+01
1.277442122325892626e+01,2.130726268697679870e+01
1.283312866839850130e+01,2.180372464340788952e+01
1.284517817992616528e+01,2.230314910221518687e+01
1.289056129116491434e+01,2.280077761917247869e+01
1.283558198542917239e+01,2.329807819747107089e+01
1.278515805047713627e+01,2.379420366456218972e+01
1.267269721713483932e+01,2.428143970167337784e+01
1.252875589396083456e+01,2.475988796635107292e+01
1.238197009645853086e+01,2.523734270447397421e+01
1.218989531290631589e+01,2.569880118776625011e+01
1.198807242165401021e+01,2.615592235357154038e+01
1.175113900820258550e+01,2.659572387199247601e+01
1.147270259895167044e+01,2.701070595119648488e+01
1.115528082366765261e+01,2.739609164355988469e+01
1.082377143175807532e+01,2.777059274262207111e+01
1.045554040697791720e+01,2.810759252330169033e+01
1.007467525059340119e+01,2.843101945741472036e+01
9.685890025214135335e+00,2.874480378800080871e+01
9.275468864312102824e+00,2.902996460694120628e+01
8.861723470822298054e+00,2.931009523071919887e+01
8.447450801190797165e+00,2.958959656579357045e+01
8.023551197623575604e+00,2.985403179985890176e+01
7.596845702768561637e+00,3.011412879593838454e+01
7.175131764995896333e+00,3.038218810835675754e+01
6.756420838095763770e+00,3.065492126582493881e+01
6.341999438977552472e+00,3.093417184300639633e+01
5.920837319395758414e+00,3.120303772215351046e+01
5.503130617406952751e+00,3.147729327288416812e+01
5.089629305403292392e+00,3.175786406401734041e+01
4.667441563436497631e+00,3.202521710186962878e+01
4.238468112117544706e+00,3.228159399847810107e+01
3.798747060516049601e+00,3.251867039943633131e+01
3.334900035857629064e+00,3.270489577979068940e+01
2.840075796675023412e+00,3.274435477962161656e+01
2.377317645596008333e+00,3.257218787416053374e+01
1.993843239463942041e+00,3.225851217980417118e+01
1.658722798589067793e+00,3.188776711807639686e+01
1.318786590894831079e+00,3.152144840962721162e+01
1.015187586841548750e+00,3.112499983746090493e+01
5.808872044116100142e-01,3.085166525086924594e+01
5.088894378479835723e-02,3.073427779918166891e+01
-4.923446851232995414e-01,3.077438945087298805e+01
-9.671138109514316739e-01,3.097296921371726341e+01
-1.363317626423992124e+00,3.127646789614423994e+01
-1.757657258634978348e+00,3.158352563942581526e+01
-2.154503081280338961e+00,3.188717153017145733e+01
-2.553000217481525169e+00,3.218861261042425781e+01
-2.955351994195481780e+00,3.248477852076902650e+01
-3.349324152645536401e+00,3.279193425944569640e+01
-3.753189605999921241e+00,3.308623323354326828e+01
-4.152092259872944169e+00,3.338713483662080250e+01
-4.557320206445140798e+00,3.367957586890251775e+01
-4.963140273683464443e+00,3.397112726039829056e+01
-5.375136526485889021e+00,3.425393818809321544e+01
-5.778913946728408746e+00,3.454821222214094689e+01
-6.180700014383603502e+00,3.484534871302744818e+01
-6.587188405245228751e+00,3.513597667518064327e+01
-6.996097313046703903e+00,3.542320155916635827e+01
-7.404484947420570506e+00,3.571113107169702516e+01
-7.794674384611667506e+00,3.602331830561939796e+01
-8.180484895521942690e+00,3.634092866542648892e+01
-8.590155655261256129e+00,3.662656408445769785e+01
-9.023997702567413626e+00,3.687646345604636622e+01
-9.504421132669335748e+00,3.700999005870143321e+01
